"Date","Queue","Caller","Position","Disconnection","Wait","Extension","Agent","Duration"
"2026-09-02 09:01:30","1001 - Tamil","0763011759","1","Caller","00:00:03","10","Praveena","00:00:44"
"2026-09-02 09:06:29","1001 - Tamil","0763011759","1","Agent","00:00:03","10","Praveena","00:01:57"
"2026-09-02 09:38:59","1000 - Sinhala","0112617816","1","Caller","00:00:03","10","Praveena","00:06:34"
"2026-09-02 09:41:00","1001 - Tamil","0789743833","1","Agent","00:00:03","10","Praveena","00:00:17"
"2026-09-02 09:42:10","1001 - Tamil","0789743833","1","Caller","00:00:03","10","Praveena","00:00:36"
"2026-09-02 09:44:11","1001 - Tamil","0789743833","1","Agent","00:00:03","10","Praveena","00:01:23"
"2026-09-02 09:44:37","1000 - Sinhala","0759746828","1","Caller","00:01:09","10","Praveena","00:00:24"
"2026-09-02 09:47:06","1000 - Sinhala","0789678047","1","Caller","00:00:03","10","Praveena","00:01:37"
"2026-09-02 09:57:33","1000 - Sinhala","0772781146","1","Agent","00:00:03","10","Praveena","00:02:31"
"2026-09-02 10:12:20","1000 - Sinhala","0757889931","1","Caller","00:00:03","10","Praveena","00:03:49"
"2026-09-02 10:16:50","1000 - Sinhala","0774304331","1","Caller","00:00:03","10","Praveena","00:00:21"
"2026-09-02 10:21:44","1000 - Sinhala","0774304331","1","Caller","00:00:03","10","Praveena","00:04:39"
"2026-09-02 10:27:49","1001 - Tamil","0772006014","1","Caller","00:00:04","10","Praveena","00:02:47"
"2026-09-02 10:32:53","1000 - Sinhala","0742075597","1","Caller","00:00:03","10","Praveena","00:00:29"
"2026-09-02 10:39:10","1001 - Tamil","0712553782","1","Agent","00:00:03","10","Praveena","00:02:19"
"2026-09-02 11:01:08","1001 - Tamil","0769699492","1","Agent","00:00:03","10","Praveena","00:01:57"
"2026-09-02 11:01:55","1000 - Sinhala","0774304331","1","Caller","00:00:03","10","Praveena","00:02:14"
"2026-09-02 11:23:01","1000 - Sinhala","0789678047","1","Caller","00:00:03","10","Praveena","00:02:35"
"2026-09-02 11:25:41","1000 - Sinhala","0777707011","1","Caller","00:00:03","10","Praveena","00:00:24"
"2026-09-02 11:58:59","1000 - Sinhala","0758311632","1","Caller","00:00:03","10","Praveena","00:00:52"
"2026-09-02 12:01:23","1000 - Sinhala","0758311632","1","Agent","00:00:04","10","Praveena","00:02:06"
"2026-09-02 12:03:09","1000 - Sinhala","0768353814","1","Agent","00:00:03","10","Praveena","00:01:44"
"2026-09-02 12:25:18","1000 - Sinhala","0771992988","1","Agent","00:00:03","10","Praveena","00:01:41"
"2026-09-02 12:37:08","1000 - Sinhala","0752517324","1","Caller","00:00:03","10","Praveena","00:00:09"
"2026-09-02 12:39:24","1000 - Sinhala","0752517324","1","Caller","00:00:03","10","Praveena","00:01:57"
"2026-09-02 12:48:49","1000 - Sinhala","0772499578","1","Agent","00:00:03","10","Praveena","00:00:48"
"2026-09-02 13:02:19","1000 - Sinhala","0779481455","1","Agent","00:00:04","10","Praveena","00:02:14"
"2026-09-02 13:03:07","1000 - Sinhala","0770054908","1","Caller","00:00:03","10","Praveena","00:01:01"
"2026-09-02 13:06:56","1000 - Sinhala","0770054908","1","Agent","00:00:03","10","Praveena","00:03:27"
"2026-09-02 13:37:41","1001 - Tamil","0741304363","1","Caller","00:00:02","10","Praveena","00:01:17"
"2026-09-02 13:39:25","1001 - Tamil","0741304363","1","Caller","00:00:03","10","Praveena","00:01:19"
"2026-09-02 13:43:05","1001 - Tamil","0741304363","1","Caller","00:00:03","12","Harshika","00:03:06"
"2026-09-02 13:46:56","1000 - Sinhala","0758311632","1","Caller","00:00:03","10","Praveena","00:00:07"
"2026-09-02 13:48:15","1000 - Sinhala","0758311632","1","Caller","00:00:03","10","Praveena","00:01:02"
"2026-09-02 14:06:06","1000 - Sinhala","0789678047","1","Caller","00:00:03","10","Praveena","00:00:18"
"2026-09-02 14:08:24","1000 - Sinhala","0789678047","1","Caller","00:00:03","10","Praveena","00:01:47"
