"Date","Destination","Disposition","Duration","Wait time","Trunk","Extension","accountcode"
"2026-07-14 10:39:05","0703885137","ANSWERED","00:00:24","00:00:11","6","11",""
"2026-07-14 10:48:21","0778348105","NO ANSWER","00:00:00","00:00:02","6","11",""
"2026-07-14 11:03:07","0775568833","ANSWERED","00:01:08","00:00:30","6","11",""
"2026-07-16 14:36:25","774208912","ANSWERED","00:01:22","00:00:12","6","11",""
"2026-07-17 15:52:32","077922885","NO ANSWER","00:00:00","00:00:11","6","11",""
"2026-07-17 15:52:32","077922885","FAILED","00:00:00","00:00:00","2","11",""
"2026-07-17 15:53:02","077922885","NO ANSWER","00:00:00","00:00:10","6","11",""
"2026-07-17 15:53:17","0777922885","ANSWERED","00:00:17","00:00:15","6","11",""
"2026-07-17 15:55:16","0777922885","ANSWERED","00:01:31","00:00:06","6","11",""
"2026-07-20 13:52:21","0703885137","ANSWERED","00:00:27","00:00:15","6","11",""
"2026-07-22 11:05:55","779624922","ANSWERED","00:01:25","00:00:18","6","11",""
"2026-07-22 13:54:36","775653354","ANSWERED","00:00:00","00:00:29","6","11",""
"2026-07-22 13:55:39","0755865630","ANSWERED","00:01:59","00:00:21","6","11",""
"2026-07-22 15:21:11","0756733017","ANSWERED","00:01:24","00:00:08","6","11",""
"2026-07-22 16:24:54","776033685","NO ANSWER","00:00:00","00:00:54","6","11",""
"2026-07-23 11:43:30","0789701972","ANSWERED","00:02:04","00:00:09","6","11",""
"2026-07-23 13:15:54","777471531","BUSY","00:00:00","00:00:51","6","11",""
"2026-07-23 13:15:54","777471531","FAILED","00:00:00","00:00:00","2","11",""
"2026-07-23 15:32:10","703885137","NO ANSWER","00:00:00","00:00:07","6","11",""
"2026-07-23 17:15:18","94770261862","ANSWERED","00:00:31","00:00:10","6","11",""
"2026-07-23 17:39:56","776033685","NO ANSWER","00:00:00","00:00:50","6","11",""
"2026-07-24 09:40:51","0703885137","NO ANSWER","00:00:00","00:00:11","6","11",""
"2026-07-24 15:29:27","0729714443","ANSWERED","00:04:59","00:00:12","6","11",""
"2026-07-27 13:24:00","778296773","ANSWERED","00:00:36","00:00:07","6","11",""
"2026-07-27 14:05:13","727742690","BUSY","00:00:00","00:00:46","6","11",""
"2026-07-27 14:05:13","727742690","FAILED","00:00:00","00:00:00","2","11",""
"2026-07-27 14:06:20","751687590","ANSWERED","00:00:48","00:00:10","6","11",""
"2026-07-28 15:09:03","763234956","ANSWERED","00:00:23","00:00:25","6","11",""
"2026-07-28 15:48:23","761515830","NO ANSWER","00:00:00","00:00:00","6","11",""
"2026-07-28 15:48:27","761515830","ANSWERED","00:00:20","00:00:10","6","11",""
"2026-07-28 16:56:14","761365447","ANSWERED","00:00:49","00:00:11","6","11",""
"2026-07-28 16:57:39","729188140","ANSWERED","00:00:49","00:00:15","6","11",""
"2026-07-30 11:06:44","0779267092","ANSWERED","00:00:25","00:00:17","6","11",""
"2026-07-30 11:07:57","0779267092","ANSWERED","00:00:43","00:00:11","6","11",""
"2026-07-30 11:10:31","0789181361","BUSY","00:00:00","00:00:12","6","11",""
"2026-07-30 11:10:31","0789181361","FAILED","00:00:00","00:00:00","2","11",""
"2026-07-30 11:44:47","0775181263","ANSWERED","00:00:42","00:00:06","6","11",""
"2026-07-30 11:47:45","0779190949","ANSWERED","00:01:34","00:00:21","6","11",""
"2026-07-30 11:57:16","774560648","ANSWERED","00:00:48","00:00:41","6","11",""
"2026-07-30 15:38:54","0761365447","ANSWERED","00:01:45","00:00:13","6","11",""
"2026-07-30 15:42:16","772361177","ANSWERED","00:01:28","00:00:16","6","11",""
"2026-08-03 09:22:30","0769800264","FAILED","00:00:00","00:00:00","2","11",""
"2026-08-03 09:22:53","769800264","FAILED","00:00:00","00:00:00","2","11",""
"2026-08-03 09:23:09","0769800264","FAILED","00:00:00","00:00:00","2","11",""
"2026-08-03 09:25:44","0769172332","ANSWERED","00:00:29","00:00:29","6","11",""
"2026-08-03 09:28:33","764183601","ANSWERED","00:00:52","00:00:05","6","11",""
"2026-08-03 09:30:07","742386815","NO ANSWER","00:00:00","00:00:44","6","11",""
"2026-08-03 09:32:50","710611739","NO ANSWER","00:00:00","00:00:47","6","11",""
"2026-08-03 09:35:12","713135312","ANSWERED","00:00:53","00:00:10","6","11",""
"2026-08-03 09:37:04","772713878","ANSWERED","00:00:54","00:00:09","6","11",""
"2026-08-03 09:39:01","715365868","NO ANSWER","00:00:00","00:00:34","6","11",""
"2026-08-03 09:41:05","766253215","ANSWERED","00:00:30","00:00:13","6","11",""
"2026-08-03 09:42:25","705055818","ANSWERED","00:00:33","00:00:21","6","11",""
"2026-08-03 09:44:06","741753497","ANSWERED","00:00:19","00:00:13","6","11",""
"2026-08-03 09:45:16","778532340","NO ANSWER","00:00:00","00:00:47","6","11",""
"2026-08-03 09:48:16","717130504","ANSWERED","00:00:35","00:00:18","6","11",""
"2026-08-03 09:50:17","0778241860","ANSWERED","00:00:42","00:00:13","6","11",""
"2026-08-03 09:52:25","717032194","ANSWERED","00:00:31","00:00:12","6","11",""
"2026-08-03 09:53:50","716528606","ANSWERED","00:00:43","00:00:16","6","11",""
"2026-08-03 09:55:32","0772465973","NO ANSWER","00:00:00","00:00:47","6","11",""
"2026-08-03 09:57:28","0773740334","ANSWERED","00:00:27","00:00:07","6","11",""
"2026-08-03 09:58:53","771221233","BUSY","00:00:00","00:00:34","6","11",""
"2026-08-03 09:58:53","771221233","FAILED","00:00:00","00:00:00","2","11",""
"2026-08-03 10:00:46","778270555","ANSWERED","00:00:32","00:00:17","6","11",""
"2026-08-03 10:02:14","777134212","ANSWERED","00:00:35","00:00:13","6","11",""
"2026-08-03 10:03:47","740050815","ANSWERED","00:00:46","00:00:09","6","11",""
"2026-08-03 10:05:29","761448319","ANSWERED","00:00:24","00:00:11","6","11",""
"2026-08-03 10:06:45","0707398979","ANSWERED","00:00:33","00:00:41","6","11",""
"2026-08-03 10:08:38","711159905","NO ANSWER","00:00:00","00:00:47","6","11",""
"2026-08-03 10:10:25","719020842","NO ANSWER","00:00:00","00:00:26","6","11",""
"2026-08-03 10:13:41","712822444","ANSWERED","00:01:06","00:00:10","6","11",""
"2026-08-03 10:17:03","740652225","ANSWERED","00:00:39","00:00:17","6","11",""
"2026-08-03 10:18:59","764034221","BUSY","00:00:00","00:00:50","6","11",""
"2026-08-03 10:18:59","764034221","FAILED","00:00:00","00:00:00","2","11",""
"2026-08-03 10:21:16","0703112695","ANSWERED","00:01:25","00:00:14","6","11",""
"2026-08-03 10:24:14","702186505","ANSWERED","00:00:18","00:00:15","6","11",""
"2026-08-03 10:25:36","705706377","ANSWERED","00:00:39","00:00:19","6","11",""
"2026-08-03 11:27:32","767248066","NO ANSWER","00:00:00","00:00:54","6","11",""
"2026-08-03 11:27:32","767248066","FAILED","00:00:00","00:00:00","2","11",""
"2026-08-03 11:48:10","705504948","ANSWERED","00:00:18","00:00:18","6","11",""
"2026-08-03 12:07:50","767248066","ANSWERED","00:00:20","00:00:05","6","11",""
"2026-08-03 12:22:34","777206457","ANSWERED","00:00:58","00:00:21","6","11",""
"2026-08-03 12:25:25","702112644","ANSWERED","00:00:41","00:00:13","6","11",""
"2026-08-03 12:27:54","773958971","ANSWERED","00:00:20","00:00:06","6","11",""
"2026-08-03 12:28:50","775277518","ANSWERED","00:00:16","00:00:10","6","11",""
"2026-08-03 12:37:23","777688018","ANSWERED","00:00:34","00:00:07","6","11",""
"2026-08-03 12:50:01","0763933405","ANSWERED","00:00:51","00:00:13","6","11",""
"2026-08-03 12:51:32","775930910","ANSWERED","00:00:32","00:00:07","6","11",""
"2026-08-03 13:07:00","761365447","NO ANSWER","00:00:00","00:00:48","6","11",""
"2026-08-03 13:47:23","751656641","ANSWERED","00:00:37","00:00:11","6","11",""
"2026-08-03 14:52:43","0713734686","ANSWERED","00:00:21","00:00:26","6","11",""
"2026-08-03 16:06:23","707108719","ANSWERED","00:00:42","00:00:07","6","11",""
"2026-08-03 16:13:01","0718059378","ANSWERED","00:02:02","00:00:10","6","11",""
"2026-08-04 10:54:24","761365447","NO ANSWER","00:00:00","00:00:53","6","11",""
"2026-08-04 10:54:24","761365447","FAILED","00:00:00","00:00:00","2","11",""
"2026-08-04 10:55:24","761365447","NO ANSWER","00:00:00","00:00:48","6","11",""
"2026-08-04 10:56:17","761365447","NO ANSWER","00:00:00","00:00:53","6","11",""
"2026-08-04 10:56:17","761365447","FAILED","00:00:00","00:00:00","2","11",""
"2026-08-04 13:33:18","0726219800","ANSWERED","00:05:54","00:00:13","6","11",""
"2026-08-04 14:23:54","726219800","ANSWERED","00:00:29","00:00:11","6","11",""
"2026-08-04 15:13:29","0781107279","BUSY","00:00:00","00:00:46","6","11",""
"2026-08-04 15:13:29","0781107279","FAILED","00:00:00","00:00:00","2","11",""
"2026-08-04 17:01:27","0760367385","ANSWERED","00:02:19","00:00:14","6","11",""
"2026-08-04 17:35:04","707108719","ANSWERED","00:02:10","00:00:16","6","11",""
"2026-08-06 13:35:21","729973662","ANSWERED","00:01:11","00:00:13","6","11",""
"2026-08-06 15:13:05","0717035374","ANSWERED","00:01:09","00:00:32","6","11",""
"2026-08-06 16:04:48","0717035374","ANSWERED","00:00:49","00:00:15","6","11",""
"2026-08-07 11:25:44","0785827693","NO ANSWER","00:00:00","00:00:42","6","11",""
"2026-08-07 11:26:41","0703885137","ANSWERED","00:00:32","00:00:09","6","11",""
"2026-08-07 11:27:39","0703885137","ANSWERED","00:00:22","00:00:08","6","11",""
"2026-08-07 11:28:37","0703885137","ANSWERED","00:01:13","00:00:08","6","11",""
"2026-08-07 11:31:04","0703885137","NO ANSWER","00:00:00","00:00:04","6","11",""
"2026-08-07 11:41:09","742075597","NO ANSWER","00:00:00","00:00:01","6","11",""
"2026-08-07 11:41:13","742075597","ANSWERED","00:01:11","00:00:09","6","11",""
"2026-08-07 11:53:43","0761252446","ANSWERED","00:02:41","00:00:08","6","11",""
"2026-08-07 12:20:24","761365447","NO ANSWER","00:00:00","00:00:53","6","11",""
"2026-08-07 12:20:24","761365447","FAILED","00:00:00","00:00:00","2","11",""
"2026-08-07 12:35:37","779112605","ANSWERED","00:00:03","00:00:08","6","11",""
"2026-08-07 12:36:02","761365447","NO ANSWER","00:00:00","00:00:54","6","11",""
"2026-08-07 12:36:02","761365447","FAILED","00:00:00","00:00:00","2","11",""
"2026-08-07 12:54:48","761162686","NO ANSWER","00:00:00","00:00:36","6","11",""
"2026-08-07 13:02:19","0775757925","NO ANSWER","00:00:00","00:00:01","6","11",""
"2026-08-07 13:39:03","770290221","BUSY","00:00:00","00:00:07","6","11",""
"2026-08-07 13:39:03","770290221","FAILED","00:00:00","00:00:00","2","11",""
"2026-08-07 14:53:13","775100425","ANSWERED","00:00:46","00:00:24","6","11",""
"2026-08-07 15:54:51","777829480","NO ANSWER","00:00:00","00:01:10","6","11",""
"2026-08-07 15:56:50","94777829480","NO ANSWER","00:00:00","00:01:17","6","11",""
"2026-08-07 16:23:32","761365447","ANSWERED","00:00:54","00:00:14","6","11",""
"2026-08-07 16:24:45","0773635567","ANSWERED","00:01:11","00:00:06","6","11",""
"2026-08-08 10:48:13","0770739063","NO ANSWER","00:00:00","00:00:53","6","11",""
"2026-08-08 10:48:13","0770739063","FAILED","00:00:00","00:00:00","2","11",""
"2026-08-08 13:57:39","0723473476","ANSWERED","00:01:04","00:00:09","6","11",""
"2026-08-10 10:04:02","0761365447","NO ANSWER","00:00:00","00:00:51","6","11",""
"2026-08-10 10:17:39","0773528162","ANSWERED","00:04:53","00:00:28","6","11",""
"2026-08-10 11:13:32","0710846837","ANSWERED","00:01:09","00:00:06","6","11",""
"2026-08-10 14:03:04","0714493345","NO ANSWER","00:00:00","00:00:05","6","11",""
"2026-08-10 15:05:55","0773528162","ANSWERED","00:04:49","00:00:10","6","11",""
"2026-08-10 15:12:39","0767692972","NO ANSWER","00:00:00","00:00:11","6","11",""
"2026-08-10 15:12:59","0767692972","BUSY","00:00:00","00:00:10","6","11",""
"2026-08-10 15:12:59","0767692972","FAILED","00:00:00","00:00:00","2","11",""
"2026-08-10 15:25:12","0773528162","ANSWERED","00:00:40","00:00:10","6","11",""
"2026-08-10 15:26:07","0773528162","ANSWERED","00:01:16","00:00:09","6","11",""
"2026-08-11 09:50:38","0761365447","NO ANSWER","00:00:00","00:00:54","6","11",""
"2026-08-11 09:50:38","0761365447","FAILED","00:00:00","00:00:00","2","11",""
"2026-08-11 11:54:42","0710443376","NO ANSWER","00:00:00","00:00:15","6","11",""
"2026-08-11 12:50:49","0767632275","ANSWERED","00:00:52","00:00:07","6","11",""
"2026-08-11 13:56:43","94769824926","ANSWERED","00:01:26","00:00:22","6","11",""
"2026-08-11 15:02:54","94769824926","ANSWERED","00:01:14","00:00:16","6","11",""
"2026-08-12 11:12:53","0775568833","ANSWERED","00:00:55","00:00:19","6","11",""
"2026-08-12 11:18:46","0741105110","ANSWERED","00:01:00","00:00:07","6","11",""
"2026-08-12 13:55:26","784630490","ANSWERED","00:01:24","00:00:15","6","11",""
"2026-08-13 10:41:41","0775568833","NO ANSWER","00:00:00","00:00:24","6","11",""
"2026-08-13 11:54:29","0770739063","BUSY","00:00:00","00:00:42","6","11",""
"2026-08-13 11:54:29","0770739063","FAILED","00:00:00","00:00:00","2","11",""
"2026-08-13 12:13:47","7638099291","NO ANSWER","00:00:00","00:00:11","6","11",""
"2026-08-13 12:13:47","7638099291","FAILED","00:00:00","00:00:00","2","11",""
"2026-08-13 12:24:58","0773944483","ANSWERED","00:01:13","00:00:07","6","11",""
"2026-08-13 12:28:32","0773944483","ANSWERED","00:01:54","00:00:07","6","11",""
"2026-08-13 16:30:10","0760665814","ANSWERED","00:00:25","00:00:05","6","11",""
"2026-08-13 16:33:08","07429284397","NO ANSWER","00:00:00","00:00:11","6","11",""
"2026-08-13 16:33:08","07429284397","FAILED","00:00:00","00:00:00","2","11",""
"2026-08-13 16:33:29","07429284397","NO ANSWER","00:00:00","00:00:11","6","11",""
"2026-08-13 16:33:29","07429284397","FAILED","00:00:00","00:00:00","2","11",""
"2026-08-13 16:33:53","0776879499","ANSWERED","00:00:28","00:00:20","6","11",""
"2026-08-13 17:19:39","0710935666","BUSY","00:00:00","00:00:12","6","11",""
"2026-08-13 17:19:39","0710935666","FAILED","00:00:00","00:00:00","2","11",""
"2026-08-13 17:20:09","0710935666","BUSY","00:00:00","00:00:12","6","11",""
"2026-08-13 17:20:09","0710935666","FAILED","00:00:00","00:00:00","2","11",""
"2026-08-14 11:08:34","0768513713","BUSY","00:00:00","00:00:08","6","11",""
"2026-08-14 11:08:34","0768513713","FAILED","00:00:00","00:00:00","2","11",""
"2026-08-14 12:00:30","0768513713","NO ANSWER","00:00:00","00:00:53","6","11",""
"2026-08-14 12:00:30","0768513713","FAILED","00:00:00","00:00:00","2","11",""
"2026-08-14 12:06:06","0764609304","NO ANSWER","00:00:00","00:00:53","6","11",""
"2026-08-14 12:06:06","0764609304","FAILED","00:00:00","00:00:00","2","11",""
"2026-08-14 14:46:28","0717254569","BUSY","00:00:00","00:00:23","6","11",""
"2026-08-14 14:46:28","0717254569","FAILED","00:00:00","00:00:00","2","11",""
"2026-08-17 11:21:33","0761365447","ANSWERED","00:00:42","00:00:14","6","11",""
"2026-08-17 12:06:49","0776076894","NO ANSWER","00:00:00","00:00:28","6","11",""
"2026-08-17 12:35:18","0743137258","NO ANSWER","00:00:00","00:00:42","6","11",""
"2026-08-17 12:56:01","0740764191","NO ANSWER","00:00:00","00:00:18","6","11",""
"2026-08-17 12:56:50","0740764191","BUSY","00:00:00","00:00:21","6","11",""
"2026-08-17 12:56:50","0740764191","FAILED","00:00:00","00:00:00","2","11",""
"2026-08-17 12:58:09","0765559683","ANSWERED","00:01:41","00:00:11","6","11",""
"2026-08-17 13:51:36","0761267677","ANSWERED","00:01:30","00:00:14","6","11",""
"2026-08-17 14:01:27","0740764191","NO ANSWER","00:00:00","00:00:13","6","11",""
"2026-08-17 14:01:46","0740764191","NO ANSWER","00:00:00","00:00:06","6","11",""
"2026-08-17 14:15:58","0765701960","ANSWERED","00:01:22","00:00:22","6","11",""
"2026-08-17 14:21:41","0740764191","BUSY","00:00:00","00:00:21","6","11",""
"2026-08-17 14:21:41","0740764191","FAILED","00:00:00","00:00:00","2","11",""
"2026-08-17 14:24:39","750202478","ANSWERED","00:00:59","00:00:17","6","11",""
"2026-08-17 14:57:17","0758311632","ANSWERED","00:00:39","00:00:16","6","11",""
"2026-08-17 15:39:02","0758311632","ANSWERED","00:01:58","00:00:07","6","11",""
"2026-08-17 17:25:44","0761705098","ANSWERED","00:01:12","00:00:12","6","11",""
"2026-08-18 10:07:38","075356464915","NO ANSWER","00:00:00","00:00:10","6","11",""
"2026-08-18 10:08:35","0753564915","ANSWERED","00:01:14","00:00:08","6","11",""
"2026-08-18 10:49:07","0772007759","NO ANSWER","00:00:00","00:00:32","6","11",""
"2026-08-18 10:49:07","0772007759","FAILED","00:00:00","00:00:00","2","11",""
"2026-08-18 14:01:06","0759746828","ANSWERED","00:01:53","00:00:38","6","11",""
"2026-08-18 14:08:11","0703042783","ANSWERED","00:01:23","00:00:15","6","11",""
"2026-08-18 14:29:38","0713578885","ANSWERED","00:01:36","00:00:11","6","11",""
"2026-08-18 15:16:34","94332222150","NO ANSWER","00:00:00","00:00:24","6","11",""
"2026-08-18 15:18:26","94252222250","ANSWERED","00:01:59","00:00:12","6","11",""
"2026-08-18 15:21:32","94252264250","ANSWERED","00:01:53","00:00:10","6","11",""
"2026-08-18 16:04:51","0662284750","ANSWERED","00:00:45","00:00:07","6","11",""
"2026-08-18 16:07:39","0662284751","CONGESTION","00:00:00","00:00:01","6","11",""
"2026-08-18 16:07:39","0662284751","FAILED","00:00:00","00:00:00","2","11",""
"2026-08-18 16:09:10","94332222150","BUSY","00:00:00","00:01:00","6","11",""
"2026-08-18 16:09:10","94332222150","FAILED","00:00:00","00:00:00","2","11",""
"2026-08-18 17:03:28","0752116061","BUSY","00:00:00","00:00:00","6","11",""
"2026-08-18 17:03:28","0752116061","FAILED","00:00:00","00:00:00","2","11",""
"2026-08-18 17:04:02","0752116061","BUSY","00:00:00","00:00:00","6","11",""
"2026-08-18 17:04:02","0752116061","FAILED","00:00:00","00:00:00","2","11",""
"2026-08-18 17:04:13","0752116061","ANSWERED","00:01:24","00:00:10","6","11",""
"2026-08-18 17:23:45","0773616422","BUSY","00:00:00","00:00:51","6","11",""
"2026-08-18 17:23:45","0773616422","FAILED","00:00:00","00:00:00","2","11",""
"2026-08-18 17:27:35","0764017248","NO ANSWER","00:00:00","00:00:54","6","11",""
"2026-08-18 17:27:35","0764017248","FAILED","00:00:00","00:00:00","2","11",""
"2026-08-18 17:29:04","0764017248","NO ANSWER","00:00:00","00:00:24","6","11",""
"2026-08-18 17:31:46","0714243232","ANSWERED","00:02:33","00:00:14","6","11",""
"2026-08-19 09:20:31","94332278603","BUSY","00:00:00","00:01:00","6","11",""
"2026-08-19 09:20:31","94332278603","FAILED","00:00:00","00:00:00","2","11",""
"2026-08-19 09:38:47","94332278603","NO ANSWER","00:00:00","00:00:37","6","11",""
"2026-08-19 09:41:29","94332278603","NO ANSWER","00:00:00","00:00:03","6","11",""
"2026-08-19 11:00:19","0760665814","ANSWERED","00:00:12","00:00:06","6","11",""
"2026-08-19 12:35:14","94252264250","ANSWERED","00:01:30","00:00:13","6","11",""
"2026-08-19 13:58:17","0785983627","ANSWERED","00:04:22","00:00:09","6","11",""
"2026-08-19 16:04:08","0776418189","ANSWERED","00:01:05","00:00:08","6","11",""
"2026-08-20 14:15:13","773863026","NO ANSWER","00:00:00","00:00:29","6","11",""
"2026-08-20 14:36:14","773863026","ANSWERED","00:01:11","00:00:11","6","11",""
"2026-08-20 14:56:49","772980294","ANSWERED","00:00:53","00:00:12","6","11",""
"2026-08-20 15:02:22","0812220311","BUSY","00:00:00","00:00:01","6","11",""
"2026-08-20 15:02:22","0812220311","FAILED","00:00:00","00:00:00","2","11",""
"2026-08-20 15:03:18","0812220311","BUSY","00:00:00","00:00:01","6","11",""
"2026-08-20 15:03:18","0812220311","FAILED","00:00:00","00:00:00","2","11",""
"2026-08-20 15:03:55","772514157","ANSWERED","00:00:05","00:00:09","6","11",""
"2026-08-20 15:04:22","772514157","NO ANSWER","00:00:00","00:00:53","6","11",""
"2026-08-20 15:04:22","772514157","FAILED","00:00:00","00:00:00","2","11",""
"2026-08-20 16:00:22","0703567833","ANSWERED","00:01:15","00:00:08","6","11",""
"2026-08-20 16:20:27","773863026","ANSWERED","00:01:57","00:00:10","6","11",""
"2026-08-20 16:24:42","776019426","ANSWERED","00:00:30","00:00:28","6","11",""
"2026-08-20 16:26:41","773863031","NO ANSWER","00:00:00","00:01:15","6","11",""
"2026-08-20 16:28:42","704263976","ANSWERED","00:01:26","00:00:17","6","11",""
"2026-08-21 10:46:17","0742787833","ANSWERED","00:00:26","00:00:14","6","11",""
"2026-08-21 15:08:30","0751575544","NO ANSWER","00:00:00","00:00:01","6","11",""
"2026-08-21 16:05:48","0767721311","ANSWERED","00:01:20","00:00:19","6","11",""
"2026-08-21 16:22:02","767721311","ANSWERED","00:01:09","00:00:13","6","11",""
"2026-08-21 17:01:04","0704263976","ANSWERED","00:02:35","00:00:19","6","11",""
"2026-08-21 17:15:00","0766680125","ANSWERED","00:02:24","00:00:09","6","11",""
"2026-08-22 11:35:42","0770597344","BUSY","00:00:00","00:00:00","6","11",""
"2026-08-22 11:35:42","0770597344","FAILED","00:00:00","00:00:00","2","11",""
"2026-08-22 11:35:50","0770597344","BUSY","00:00:00","00:00:00","6","11",""
"2026-08-22 11:35:50","0770597344","FAILED","00:00:00","00:00:00","2","11",""
"2026-08-22 11:38:56","0770597344","NO ANSWER","00:00:00","00:00:54","6","11",""
"2026-08-22 11:38:56","0770597344","FAILED","00:00:00","00:00:00","2","11",""
"2026-08-22 12:52:40","773863031","NO ANSWER","00:00:00","00:01:21","6","11",""
"2026-08-22 12:52:40","773863031","FAILED","00:00:00","00:00:00","2","11",""
"2026-08-22 17:53:47","0741254997","ANSWERED","00:00:13","00:00:25","6","11",""
"2026-08-22 17:54:40","0778852070","ANSWERED","00:03:02","00:00:12","6","11",""
"2026-08-24 09:51:59","0757249291","NO ANSWER","00:00:00","00:00:08","6","11",""
"2026-08-24 10:50:00","94710935666","ANSWERED","00:00:36","00:00:13","6","11",""
"2026-08-24 11:22:43","0742361801","ANSWERED","00:01:42","00:00:09","6","11",""
"2026-08-24 13:56:13","0773453890","NO ANSWER","00:00:00","00:00:04","6","11",""
"2026-08-24 14:08:29","773863031","NO ANSWER","00:00:00","00:01:21","6","11",""
"2026-08-24 15:01:03","0770627897","ANSWERED","00:00:16","00:00:05","6","11",""
"2026-08-24 15:01:48","0770627897","ANSWERED","00:01:03","00:00:35","6","11",""
"2026-08-24 16:19:17","0770080042","BUSY","00:00:00","00:00:18","6","11",""
"2026-08-24 16:19:17","0770080042","FAILED","00:00:00","00:00:00","2","11",""
"2026-08-24 16:35:32","778094688","ANSWERED","00:01:29","00:00:17","6","11",""
"2026-08-24 17:23:14","0761365447","BUSY","00:00:00","00:00:12","6","11",""
"2026-08-24 17:23:14","0761365447","FAILED","00:00:00","00:00:00","2","11",""
"2026-08-25 09:07:14","0773402276","ANSWERED","00:04:24","00:00:23","6","11",""
"2026-08-25 09:24:02","0112884770","NO ANSWER","00:00:00","00:00:37","6","11",""
"2026-08-25 09:24:02","0112884770","FAILED","00:00:00","00:00:00","2","11",""
"2026-08-25 09:26:33","0741105110","ANSWERED","00:01:31","00:00:11","6","11",""
"2026-08-25 11:41:55","0758527450","NO ANSWER","00:00:00","00:00:12","6","11",""
"2026-08-25 11:42:26","0758527450","ANSWERED","00:03:22","00:00:07","6","11",""
"2026-08-25 11:53:32","0758527450","ANSWERED","00:01:15","00:00:18","6","11",""
"2026-08-25 12:17:56","0762644274","ANSWERED","00:00:45","00:00:15","6","11",""
"2026-08-25 12:57:13","743901226","NO ANSWER","00:00:00","00:00:47","6","11",""
"2026-08-25 16:06:48","0759500799","ANSWERED","00:01:08","00:00:13","6","11",""
"2026-08-28 09:03:44","0773453890","ANSWERED","00:01:40","00:00:15","6","11",""
"2026-08-28 10:01:50","0755600500","BUSY","00:00:00","00:00:37","6","11",""
"2026-08-28 10:01:50","0755600500","FAILED","00:00:00","00:00:00","2","11",""
"2026-08-28 10:28:34","0760909866","BUSY","00:00:00","00:00:01","6","11",""
"2026-08-28 10:28:34","0760909866","FAILED","00:00:00","00:00:00","2","11",""
"2026-08-28 17:41:17","0774400174","ANSWERED","00:02:00","00:00:04","6","11",""
"2026-08-29 09:07:04","0763576169","ANSWERED","00:04:08","00:00:14","6","11",""
"2026-08-29 09:53:53","0761365447","BUSY","00:00:00","00:00:11","6","11",""
"2026-08-29 09:53:53","0761365447","FAILED","00:00:00","00:00:00","2","11",""
"2026-08-29 10:12:14","0710935666","NO ANSWER","00:00:00","00:00:30","6","11",""
"2026-08-29 12:14:41","772980294","ANSWERED","00:02:35","00:00:13","6","11",""
"2026-08-29 12:17:34","772980294","ANSWERED","00:02:49","00:00:19","6","11",""
"2026-08-29 12:20:56","772980294","ANSWERED","00:00:46","00:00:13","6","11",""
"2026-08-29 16:28:08","0706863728","ANSWERED","00:02:57","00:00:14","6","11",""
"2026-08-29 16:57:01","772980294","ANSWERED","00:00:55","00:00:25","6","11",""
"2026-08-29 17:26:29","0718418742","ANSWERED","00:03:29","00:00:10","6","11",""
"2026-08-31 09:28:59","0713578885","ANSWERED","00:04:20","00:00:15","6","11",""
"2026-08-31 11:41:44","0763576169","ANSWERED","00:01:50","00:00:07","6","11",""
"2026-08-31 15:10:45","0761365447","BUSY","00:00:00","00:00:07","6","11",""
"2026-08-31 15:10:45","0761365447","FAILED","00:00:00","00:00:00","2","11",""
"2026-08-31 15:11:08","0761365447","BUSY","00:00:00","00:00:04","6","11",""
"2026-08-31 15:11:08","0761365447","FAILED","00:00:00","00:00:00","2","11",""
"2026-08-31 15:29:27","0776684588","NO ANSWER","00:00:00","00:00:53","6","11",""
"2026-08-31 15:29:27","0776684588","FAILED","00:00:00","00:00:00","2","11",""
"2026-08-31 16:07:42","0772991175","ANSWERED","00:00:25","00:00:03","6","11",""
"2026-08-31 16:36:21","0777851491","ANSWERED","00:00:48","00:00:06","6","11",""
"2026-09-01 10:07:24","0789678047","NO ANSWER","00:00:00","00:00:47","6","11",""
"2026-09-01 10:10:20","0763424773","ANSWERED","00:00:18","00:00:09","6","11",""
"2026-09-01 10:11:14","0773588222","ANSWERED","00:01:47","00:00:17","6","11",""
"2026-09-01 14:32:18","0711115213","ANSWERED","00:00:52","00:00:10","6","11",""
"2026-09-01 16:19:46","0773402276","NO ANSWER","00:00:00","00:00:24","6","11",""
"2026-09-02 10:03:48","717179687","ANSWERED","00:00:47","00:00:16","6","11",""
"2026-09-02 12:32:57","0662222250","ANSWERED","00:00:52","00:00:08","6","11",""
"2026-09-02 12:34:27","0662222248","ANSWERED","00:01:47","00:00:06","6","11",""
"2026-09-02 14:25:22","940723456787","NO ANSWER","00:00:00","00:00:08","6","11",""
"2026-09-02 14:25:22","940723456787","FAILED","00:00:00","00:00:00","2","11",""
"2026-09-02 14:25:55","940723456787","NO ANSWER","00:00:00","00:00:08","6","11",""
"2026-09-02 14:25:55","940723456787","FAILED","00:00:00","00:00:00","2","11",""
"2026-09-02 14:26:24","0723456787","BUSY","00:00:00","00:01:02","6","11",""
"2026-09-02 14:26:24","0723456787","FAILED","00:00:00","00:00:00","2","11",""
"2026-09-02 14:34:31","0767818089","ANSWERED","00:00:48","00:00:14","6","11",""
"2026-09-02 14:39:05","754472454","ANSWERED","00:00:52","00:00:17","6","11",""
"2026-09-02 15:28:25","0789678047","ANSWERED","00:00:30","00:00:19","6","11",""
"2026-09-02 16:09:34","704076206","ANSWERED","00:00:28","00:00:27","6","11",""
"2026-09-02 16:11:22","773588774","ANSWERED","00:01:32","00:00:14","6","11",""
"2026-09-02 16:14:33","714459049","BUSY","00:00:00","00:00:55","6","11",""
"2026-09-02 16:14:33","714459049","FAILED","00:00:00","00:00:00","2","11",""
"2026-09-02 17:11:15","0723282296","NO ANSWER","00:00:00","00:00:49","6","11",""
"2026-09-02 17:17:12","0723282296","ANSWERED","00:02:42","00:00:17","6","11",""
"2026-09-02 17:44:53","0771040449","ANSWERED","00:00:09","00:00:10","6","11",""
"2026-09-03 12:23:06","0743743311","ANSWERED","00:01:18","00:00:10","6","11",""
"2026-09-03 13:07:07","0753111541","BUSY","00:00:00","00:00:00","6","11",""
"2026-09-03 13:07:07","0753111541","FAILED","00:00:00","00:00:00","2","11",""
"2026-09-03 14:25:55","0756645665","ANSWERED","00:00:20","00:00:06","6","11",""
"2026-09-03 15:09:58","0767363773","BUSY","00:00:00","00:00:01","6","11",""
"2026-09-03 15:09:58","0767363773","FAILED","00:00:00","00:00:00","2","11",""
"2026-09-03 15:11:15","0767363773","BUSY","00:00:00","00:00:01","6","11",""
"2026-09-03 15:11:15","0767363773","FAILED","00:00:00","00:00:00","2","11",""
"2026-09-03 15:12:13","0767363773","BUSY","00:00:00","00:00:01","6","11",""
"2026-09-03 15:12:13","0767363773","FAILED","00:00:00","00:00:00","2","11",""
"2026-09-03 15:25:23","0767901052","BUSY","00:00:00","00:00:01","6","11",""
"2026-09-03 15:25:23","0767901052","FAILED","00:00:00","00:00:00","2","11",""
"2026-09-03 15:33:50","0760665814","ANSWERED","00:00:12","00:00:10","6","11",""
"2026-09-03 15:34:29","0760665814","ANSWERED","00:00:39","00:00:03","6","11",""
"2026-09-03 15:35:38","0776879499","ANSWERED","00:00:24","00:00:21","6","11",""
"2026-09-03 15:37:01","0776879499","ANSWERED","00:00:12","00:00:12","6","11",""
"2026-09-03 15:37:56","0760665814","ANSWERED","00:00:14","00:00:03","6","11",""
"2026-09-03 15:39:27","0760665814","ANSWERED","00:00:14","00:00:03","6","11",""
"2026-09-03 15:42:01","0776879499","ANSWERED","00:00:11","00:00:07","6","11",""
"2026-09-03 16:01:07","0776879499","ANSWERED","00:00:08","00:00:08","6","11",""
"2026-09-03 16:02:03","0760665814","ANSWERED","00:00:11","00:00:04","6","11",""
"2026-09-03 16:02:44","0742984397","ANSWERED","00:00:02","00:00:16","6","11",""
"2026-09-03 16:03:10","0776879499","ANSWERED","00:00:11","00:00:06","6","11",""
"2026-09-03 16:05:08","0776879499","ANSWERED","00:00:06","00:00:07","6","11",""
"2026-09-03 16:12:37","0760665814","ANSWERED","00:00:13","00:00:03","6","11",""
"2026-09-03 16:13:01","0776879499","ANSWERED","00:00:11","00:00:13","6","11",""
"2026-09-03 16:41:41","0760665814","NO ANSWER","00:00:00","00:00:01","6","11",""
"2026-09-03 16:41:55","0760665814","ANSWERED","00:00:07","00:00:03","6","11",""
"2026-09-03 16:42:50","0776879499","BUSY","00:00:00","00:00:00","6","11",""
"2026-09-03 16:42:50","0776879499","FAILED","00:00:00","00:00:00","2","11",""
"2026-09-03 16:43:07","0760665814","NO ANSWER","00:00:00","00:00:00","6","11",""
"2026-09-03 16:43:09","0760665814","ANSWERED","00:00:26","00:00:06","6","11",""
"2026-09-03 16:44:28","0776879499","BUSY","00:00:00","00:00:00","6","11",""
"2026-09-03 16:44:28","0776879499","FAILED","00:00:00","00:00:00","2","11",""
"2026-09-03 16:45:30","0776879499","ANSWERED","00:00:11","00:00:10","6","11",""
"2026-09-03 16:47:24","0776879499","ANSWERED","00:00:13","00:00:09","6","11",""
"2026-09-03 16:52:54","0760665814","ANSWERED","00:00:11","00:00:04","6","11",""
"2026-09-03 16:53:17","0776879499","ANSWERED","00:00:08","00:00:21","6","11",""
"2026-09-03 17:26:32","0776636688","NO ANSWER","00:00:00","00:00:08","6","11",""
"2026-09-04 10:08:01","0776879499","ANSWERED","00:00:15","00:00:09","6","11",""
"2026-09-04 10:27:38","0778181099","NO ANSWER","00:00:00","00:00:18","6","11",""
"2026-09-04 10:50:54","0789436566","ANSWERED","00:00:19","00:00:09","6","11",""
"2026-09-04 12:07:11","0776033685","ANSWERED","00:00:54","00:00:13","6","11",""
"2026-09-04 16:36:11","0764249226","ANSWERED","00:01:39","00:00:11","6","11",""
"2026-09-05 11:02:12","0715608062","ANSWERED","00:00:47","00:00:09","6","11",""
"2026-09-05 12:05:21","776024566","ANSWERED","00:01:33","00:00:18","6","11",""
"2026-09-05 13:09:44","0761365447","NO ANSWER","00:00:00","00:00:53","6","11",""
"2026-09-05 13:09:44","0761365447","FAILED","00:00:00","00:00:00","2","11",""
"2026-09-05 14:04:07","777602327","ANSWERED","00:00:21","00:00:18","6","11",""
"2026-09-07 09:07:17","0112617816","ANSWERED","00:00:00","00:00:48","6","11",""
"2026-09-07 09:14:00","0112617816","BUSY","00:00:00","00:00:01","6","11",""
"2026-09-07 09:14:00","0112617816","FAILED","00:00:00","00:00:00","2","11",""
"2026-09-07 09:14:46","0776879499","ANSWERED","00:00:30","00:00:11","6","11",""
"2026-09-07 09:15:33","0776879499","ANSWERED","00:00:38","00:00:04","6","11",""
"2026-09-07 10:42:15","0757889931","ANSWERED","00:04:17","00:00:08","6","11",""
"2026-09-07 11:09:39","0761562657","ANSWERED","00:01:27","00:00:10","6","11",""
"2026-09-07 11:15:00","94769824926","NO ANSWER","00:00:00","00:00:51","6","11",""
"2026-09-07 15:43:10","778181099","ANSWERED","00:03:37","00:00:10","6","11",""
"2026-09-07 16:06:35","778181099","ANSWERED","00:08:12","00:00:09","6","11",""
"2026-09-07 16:38:40","778181099","ANSWERED","00:04:33","00:00:16","6","11",""
"2026-09-08 11:01:35","0786202120","ANSWERED","00:00:13","00:00:05","6","11",""
"2026-09-08 11:19:24","0704052239","BUSY","00:00:00","00:00:23","6","11",""
"2026-09-08 11:19:24","0704052239","FAILED","00:00:00","00:00:00","2","11",""
"2026-09-08 11:20:19","0760665814","ANSWERED","00:00:05","00:00:08","6","11",""
"2026-09-08 12:05:36","0716901038","ANSWERED","00:01:48","00:00:26","6","11",""
"2026-09-09 09:23:37","0812220311","ANSWERED","00:01:21","00:00:11","6","11",""
"2026-09-09 09:46:14","0765437994","ANSWERED","00:01:57","00:00:15","6","11",""
"2026-09-09 11:17:36","0763576169","ANSWERED","00:02:33","00:00:13","6","11",""
"2026-09-09 11:25:02","0758819977","ANSWERED","00:03:00","00:00:08","6","11",""
"2026-09-09 12:11:58","0764609304","ANSWERED","00:00:31","00:00:18","6","11",""
"2026-09-09 16:11:49","0740548072","NO ANSWER","00:00:00","00:00:20","6","11",""
"2026-09-10 10:51:18","756232825","ANSWERED","00:00:26","00:00:25","6","11",""
"2026-09-10 10:52:17","756232825","ANSWERED","00:02:24","00:00:19","6","11",""
"2026-09-10 11:28:38","0774477040","ANSWERED","00:01:32","00:00:22","6","11",""
"2026-09-10 16:31:18","773277737","NO ANSWER","00:00:00","00:00:54","6","11",""
"2026-09-10 16:31:18","773277737","FAILED","00:00:00","00:00:00","2","11",""
"2026-09-10 16:43:50","769405501","NO ANSWER","00:00:00","00:00:27","6","11",""
"2026-09-11 09:05:08","0729123404","ANSWERED","00:04:34","00:00:07","6","11",""
"2026-09-11 09:19:23","0754347494","ANSWERED","00:02:13","00:00:15","6","11",""
"2026-09-11 09:53:15","0753111541","ANSWERED","00:01:15","00:00:15","6","11",""
"2026-09-11 14:18:45","0773419358","ANSWERED","00:00:55","00:00:04","6","11",""
"2026-09-11 16:39:56","0776330379","ANSWERED","00:02:54","00:00:12","6","11",""
"2026-09-12 11:46:32","772980294","NO ANSWER","00:00:00","00:00:29","6","11",""
"2026-09-12 11:47:45","0812220311","ANSWERED","00:01:51","00:00:38","6","11",""
"2026-09-12 16:28:50","0767171425","ANSWERED","00:03:40","00:00:07","6","11",""
"2026-09-15 09:21:25","0758311632","NO ANSWER","00:00:00","00:00:13","6","11",""
"2026-09-15 09:21:25","0758311632","FAILED","00:00:00","00:00:00","2","11",""
"2026-09-15 09:38:03","0758311632","ANSWERED","00:00:45","00:00:08","6","11",""
"2026-09-16 10:24:42","0770083848","ANSWERED","00:01:22","00:00:15","6","11",""
"2026-09-16 10:35:55","0760665814","ANSWERED","00:00:06","00:00:06","6","11",""
"2026-09-16 11:18:54","0770083848","ANSWERED","00:01:10","00:00:08","6","11",""
"2026-09-16 12:03:51","0812220311","ANSWERED","00:00:06","00:00:01","6","11",""
"2026-09-16 12:04:04","0812220311","BUSY","00:00:00","00:00:01","6","11",""
"2026-09-16 12:04:04","0812220311","FAILED","00:00:00","00:00:00","2","11",""
"2026-09-16 12:04:18","0812220311","BUSY","00:00:00","00:00:01","6","11",""
"2026-09-16 12:04:18","0812220311","FAILED","00:00:00","00:00:00","2","11",""
"2026-09-16 12:04:32","0812220311","BUSY","00:00:00","00:00:01","6","11",""
"2026-09-16 12:04:32","0812220311","FAILED","00:00:00","00:00:00","2","11",""
"2026-09-16 14:35:09","0788922250","NO ANSWER","00:00:00","00:01:30","6","11",""
"2026-09-16 14:35:09","0788922250","FAILED","00:00:00","00:00:00","2","11",""
"2026-09-16 16:24:23","0726280078","NO ANSWER","00:00:00","00:00:15","6","11",""
"2026-09-16 16:30:15","0777077790","ANSWERED","00:01:25","00:00:14","6","11",""
"2026-09-16 16:33:09","0777077790","ANSWERED","00:01:19","00:00:08","6","11",""
"2026-09-16 17:32:43","0726280078","ANSWERED","00:01:30","00:00:28","6","11",""
"2026-09-17 09:01:26","0725888965","ANSWERED","00:01:33","00:00:08","6","11",""
"2026-09-17 09:55:24","0775560463","NO ANSWER","00:00:00","00:00:17","6","11",""
"2026-09-17 10:41:47","0764609304","NO ANSWER","00:00:00","00:00:54","6","11",""
"2026-09-17 10:41:47","0764609304","FAILED","00:00:00","00:00:00","2","11",""
"2026-09-17 14:25:31","0775560463","NO ANSWER","00:00:00","00:00:36","6","11",""
"2026-09-17 14:25:31","0775560463","FAILED","00:00:00","00:00:00","2","11",""
"2026-09-18 09:08:36","0772636723","ANSWERED","00:02:20","00:00:12","6","11",""
"2026-09-18 09:15:09","0765387441","ANSWERED","00:04:39","00:00:07","6","11",""
"2026-09-18 10:53:20","0706729728","ANSWERED","00:00:40","00:00:23","6","11",""
"2026-09-19 09:07:28","0717632317","ANSWERED","00:01:36","00:00:19","6","11",""
"2026-09-21 09:34:39","552276637","ANSWERED","00:01:12","00:00:41","6","11",""
"2026-09-21 09:38:18","743901223","ANSWERED","00:01:53","00:00:22","6","11",""
"2026-09-21 10:36:35","0770682950","ANSWERED","00:01:11","00:00:16","6","11",""
"2026-09-21 11:47:09","0761312345","ANSWERED","00:02:11","00:00:06","6","11",""
"2026-09-21 14:02:29","712985825","ANSWERED","00:00:01","00:00:11","6","11",""
"2026-09-21 14:03:14","712985825","ANSWERED","00:00:54","00:00:10","6","11",""
"2026-09-21 14:39:15","0771040449","ANSWERED","00:01:34","00:00:09","6","11",""
"2026-09-21 15:44:03","0752223532","NO ANSWER","00:00:00","00:00:07","6","11",""
"2026-09-22 09:31:14","0704427937","ANSWERED","00:01:53","00:00:51","6","11",""
"2026-09-22 09:44:08","0715237186","ANSWERED","00:03:02","00:00:19","6","11",""
"2026-09-22 10:06:12","0771747442","NO ANSWER","00:00:00","00:00:30","6","11",""
"2026-09-22 11:57:09","0760094100","BUSY","00:00:00","00:00:02","6","11",""
"2026-09-22 11:57:09","0760094100","FAILED","00:00:00","00:00:00","2","11",""
"2026-09-22 11:57:21","0760094100","BUSY","00:00:00","00:00:02","6","11",""
"2026-09-22 11:57:21","0760094100","FAILED","00:00:00","00:00:00","2","11",""
"2026-09-22 11:58:24","0760094100","BUSY","00:00:00","00:00:03","6","11",""
"2026-09-22 11:58:24","0760094100","FAILED","00:00:00","00:00:00","2","11",""
"2026-09-22 12:00:19","0760094100","BUSY","00:00:00","00:00:02","6","11",""
"2026-09-22 12:00:19","0760094100","FAILED","00:00:00","00:00:00","2","11",""
"2026-09-22 12:18:26","0764870868","NO ANSWER","00:00:00","00:00:53","6","11",""
"2026-09-22 12:18:26","0764870868","FAILED","00:00:00","00:00:00","2","11",""
"2026-09-22 15:05:39","0773380177","ANSWERED","00:00:39","00:00:22","6","11",""
"2026-09-22 16:04:35","785508233","ANSWERED","00:02:38","00:00:13","6","11",""
"2026-09-23 09:18:07","0764804618","ANSWERED","00:02:23","00:00:09","6","11",""
"2026-09-23 09:22:17","0702842542","ANSWERED","00:00:46","00:00:28","6","11",""
"2026-09-23 09:50:02","0702842542","ANSWERED","00:00:51","00:00:17","6","11",""
"2026-09-23 09:57:14","0753831520","BUSY","00:00:00","00:00:47","6","11",""
"2026-09-23 09:57:14","0753831520","FAILED","00:00:00","00:00:00","2","11",""
"2026-09-23 11:59:12","0777669570","ANSWERED","00:02:00","00:00:21","6","11",""
"2026-09-23 12:03:07","0788791708","BUSY","00:00:00","00:00:47","6","11",""
"2026-09-23 12:03:07","0788791708","FAILED","00:00:00","00:00:00","2","11",""
"2026-09-23 12:04:12","0788791708","NO ANSWER","00:00:00","00:00:46","6","11",""
"2026-09-23 14:30:48","0719521238","ANSWERED","00:00:43","00:00:09","6","11",""
"2026-09-23 15:07:15","0767360831","ANSWERED","00:01:02","00:00:10","6","11",""
"2026-09-23 15:26:10","0715643636","ANSWERED","00:00:54","00:00:21","6","11",""
"2026-09-23 15:27:32","0715643636","ANSWERED","00:03:27","00:00:11","6","11",""
"2026-09-24 10:03:12","0771244213","ANSWERED","00:01:43","00:00:06","6","11",""
"2026-09-24 10:15:07","0702862024","ANSWERED","00:01:46","00:00:08","6","11",""
"2026-09-24 11:41:28","0702862024","ANSWERED","00:00:33","00:00:10","6","11",""
"2026-09-25 10:03:44","0763334828","ANSWERED","00:01:17","00:00:06","6","11",""
"2026-09-25 12:40:44","0761422668","ANSWERED","00:00:44","00:00:07","6","11",""
"2026-09-25 14:19:32","0779992808","ANSWERED","00:03:12","00:00:08","6","11",""
"2026-09-25 14:30:51","0715983354","ANSWERED","00:05:28","00:00:19","6","11",""
"2026-09-25 17:46:05","0758183197","ANSWERED","00:00:38","00:00:08","6","11",""
"2026-09-25 17:47:00","0758183197","ANSWERED","00:00:34","00:00:05","6","11",""
"2026-09-28 14:27:46","0769979584","ANSWERED","00:01:53","00:00:06","6","11",""
"2026-09-28 14:50:15","767137196","ANSWERED","00:01:30","00:00:15","6","11",""
"2026-09-28 15:05:00","12","ANSWERED","00:00:07","00:00:00","","11",""
"2026-09-29 10:42:48","0762133324","NO ANSWER","00:00:00","00:00:26","6","11",""
"2026-09-29 10:43:23","0762133324","ANSWERED","00:00:56","00:00:05","6","11",""
"2026-09-29 11:07:13","0719568654","ANSWERED","00:00:16","00:00:25","6","11",""
"2026-09-29 11:31:51","0719568654","ANSWERED","00:00:40","00:00:23","6","11",""
"2026-09-29 16:20:27","0788526048","NO ANSWER","00:00:00","00:00:02","6","11",""
"2026-09-30 16:30:11","0778192429","ANSWERED","00:00:45","00:00:06","6","11",""
"2026-09-30 16:47:35","0779661837","BUSY","00:00:00","00:00:49","6","11",""
"2026-09-30 16:47:35","0779661837","FAILED","00:00:00","00:00:00","2","11",""
